<?xml version="1.0" encoding="UTF-8" standalone="no"?>
<feature id="org.wso2.carbon.identity.casque.authenticator.feature" label="Casque Authenticator Feature" provider-name="%providerName" version="1.1.0">
  <description>Casque Authenticator Feature</description>
  <copyright>%copyright</copyright>
  <license url="%licenseURL">%license</license>
  <plugin id="org.wso2.carbon.identity.casque.authenticator" unpack="false" version="1.1.0"/>
  <require>
    <import feature="org.wso2.carbon.identity.core" match="compatible" version="5.7.5"/>
    <import feature="org.wso2.carbon.identity.application.authentication.framework.server" match="compatible" version="5.7.5"/>
    <import feature="org.wso2.carbon.core" match="compatible" version="4.4.11"/>
  </require>
</feature>
